,1,2,3,4,5,6,7,8,9,10,11,12,13,14,15,16,17,18,19,20,21,22,23,24,25,26,27,28,29,30,31
,1,2,3,4,5,6,7,8,9,10,11,12,13,14,15,16,17,18,19,20,21,22,23,24,25,26,27,28,29,30,31
코스(상품) 이름,,,,,,,,,,,,,,,,,,,,,,,,,,,,,,,
올인원 패키지 : 세계 3등에게 배우는 실무 밀착 데이터 시각화,9,2,4,11,2,4,7,5,2,7,13,4,13,6,0,3,1,1,4,4,2,4,5,4,3,1,1,3,4,11,12
초격차 패키지 : 4인4색 노하우로 승인받는 나만의 첫 이모티콘,9,8,7,5,4,2,11,7,4,15,11,12,29,8,17,21,9,11,5,2,9,8,3,5,10,3,5,8,6,9,24
초격차 패키지 : 한번에 끝내는 영상 촬영과 편집,8,5,4,5,1,2,4,4,3,4,8,4,12,5,6,4,3,1,2,1,2,6,2,2,3,3,2,4,2,3,8
초격차 패키지 : 일잘러 필수 스킬 모음.zip,8,3,7,15,3,8,7,4,8,5,8,4,13,7,5,2,7,5,4,4,3,2,3,8,6,5,7,7,7,12,15
초격차 패키지 : 한 번에 끝내는 AWS 인프라 구축과 DevOps 운영,6,8,7,12,1,6,5,3,4,6,10,3,5,5,4,2,1,4,2,4,3,3,3,1,7,1,5,12,12,13,11
초격차 패키지 : 직장인을 위한 파이썬 데이터 분석,6,4,2,6,0,3,3,4,1,1,9,0,5,3,3,3,2,5,6,3,5,3,4,7,2,2,1,7,4,9,9
올인원 패키지 : 유니티 포트폴리오 완성,5,2,1,0,0,0,3,0,0,1,0,0,0,0,1,1,1,0,0,1,2,0,1,0,2,1,1,2,0,2,0
올인원 패키지 : star741의 캐주얼 일러스트 드로잉,5,2,3,3,2,4,5,4,3,9,8,3,11,3,3,2,0,2,6,1,3,1,0,4,2,7,0,5,1,6,11
나의 칼퇴치트키 엑셀유치원,5,5,5,8,0,1,3,4,1,1,2,3,2,3,4,2,2,0,0,0,0,1,1,0,0,0,0,0,0,0,0
초격차 패키지 : 한 번에 끝내는 컴퓨터 공학 전공필수 & 인공지능 심화,5,9,4,6,2,3,4,2,4,8,8,5,2,5,6,1,2,4,3,0,6,8,4,3,1,4,5,8,6,7,12
The RED : 김영하 작가의 내 안의 숨은 이야기를 찾아 쓰는 법,4,0,1,1,1,1,2,1,3,3,3,4,13,4,4,2,2,3,5,3,5,3,2,2,3,3,6,3,6,3,11
초격차 패키지 : 한 번에 끝내는 파이썬 웹 개발,4,4,4,5,0,1,6,2,3,7,8,4,11,6,2,2,2,0,1,1,4,5,2,2,0,1,3,6,5,3,4
초격차 패키지 : 30개 프로젝트로 배우는 iOS 앱 개발 with Swift,4,5,5,8,5,6,2,1,3,1,4,0,4,2,8,3,4,3,0,3,5,6,8,5,6,2,5,3,3,8,13
초격차 패키지 : 한번에 끝내는 디자인 툴,4,1,2,2,1,0,1,3,3,6,4,3,7,2,1,0,3,0,0,0,8,2,1,1,4,1,1,2,2,0,3
초격차 패키지 : 한 번에 끝내는 주식 투자의 모든 것,4,3,2,3,1,1,8,2,0,4,5,2,5,3,0,0,1,0,3,0,0,3,1,0,0,0,3,4,2,1,4
초격차 패키지 : 한 번에 끝내는 프론트엔드 개발,4,6,6,18,3,6,9,11,6,12,11,7,12,5,8,7,5,4,4,3,9,10,11,6,9,9,5,18,7,10,22
이필성의 포토클래스 시선을 사로잡는 특별한 사진을 만드는 법 Online.,4,0,4,9,1,2,2,0,0,2,4,0,1,1,4,2,0,0,1,0,3,3,1,1,0,4,0,2,3,2,3
초격차 패키지 : 한번에 끝내는 UX/UI 디자인,3,7,7,2,0,2,6,3,8,8,6,0,8,3,1,1,2,4,1,0,9,3,3,2,6,2,2,4,7,9,16
코딩 왕초보를 위한 앱 만들기 풀 패키지,3,3,2,7,0,3,5,4,2,1,3,1,4,3,2,1,4,1,0,3,2,0,2,3,1,0,4,3,2,2,2
초격차 패키지 : 한번에 끝내는 PPT 제작/디자인,3,0,1,4,1,0,0,1,3,8,4,1,4,1,1,2,0,0,1,0,0,2,1,1,4,0,1,0,0,0,1
올인원 패키지 : 인스타를 성장시킨 50명의 성공방정식,3,0,1,1,1,0,0,0,0,0,1,0,2,2,1,0,0,3,0,1,0,0,0,0,0,1,0,4,2,1,1
초격차 패키지 : 한번에 끝내는 모션그래픽,3,1,4,9,1,3,7,5,2,3,2,1,6,0,2,2,3,2,4,3,4,1,5,6,8,4,1,5,3,2,13
TypeScript를 활용한 함수형 프로그래밍 온보딩,3,2,0,1,0,1,3,1,0,1,1,0,3,0,0,0,0,0,0,0,1,0,0,1,0,0,0,0,0,0,0
올인원 패키지 : C#과 유니티로 배우는 게임개발,3,2,1,1,0,1,3,1,3,3,5,2,3,2,1,0,0,0,0,0,0,1,2,1,1,0,0,2,3,2,1
올인원 패키지 : 처음부터 시작하는 딥러닝 유치원,3,1,0,0,0,0,0,0,0,2,1,1,1,0,0,1,1,1,1,1,0,0,0,1,0,0,2,1,0,0,1
초격차 패키지 : 한 번에 끝내는 빅데이터처리 with Spark&Hadoop,3,0,1,6,0,0,4,2,1,7,11,1,3,1,4,2,0,0,2,2,3,4,2,0,1,0,2,4,3,3,1
초격차 패키지 : 한 번에 끝내는 node.js 웹 프로그래밍,3,5,5,4,2,0,6,8,0,4,4,3,4,2,1,0,1,1,2,0,3,3,6,3,4,1,1,2,4,0,4
"올인원 패키지 : 가장 쉽게 시작하는 데이터 분석, SQL 유치원",3,4,6,4,1,0,3,2,1,2,3,2,4,2,4,1,0,2,1,1,5,3,5,5,2,0,1,3,0,3,7
"올인원 패키지 : GA4 탑재, 구글 애널리틱스 끝장내기",3,3,5,5,0,1,2,4,1,4,3,2,5,5,10,2,12,6,3,2,2,4,3,7,1,0,2,5,2,6,8
"초격차 패키지 : 퍼포먼스 마케팅, 데이터로 완전 정복",3,5,2,5,0,1,6,3,0,4,2,0,1,2,2,1,1,1,1,1,2,1,2,0,2,0,1,2,1,3,4
초격차 패키지 : 한 번에 끝내는 코딩테스트 369 Java편,3,6,3,8,3,2,5,2,3,5,4,4,1,4,3,1,8,2,1,2,2,0,3,3,1,3,4,4,2,2,3
올인원 패키지 : 아카데미 : 편집하는여자의 영상편집 마스터클래스 - 제 1강 프리미어프로 베이직,3,1,0,2,1,0,4,2,1,2,1,0,3,0,0,1,1,0,0,2,1,0,1,0,2,0,1,2,0,1,5
올인원 패키지 : 리마의 로맨스판타지 웹소설 일러스트,3,2,0,1,0,1,1,2,1,3,2,0,3,0,0,1,0,0,4,1,0,0,1,1,0,2,2,0,4,3,5
초격차 패키지 : 직장인이 진짜 필요한 업무자동화 SUPER팩,3,1,2,4,1,1,3,2,2,2,3,1,2,1,1,0,4,0,0,0,1,1,0,3,0,2,1,3,3,1,5
올인원 패키지 : 15명의 전문 애널리스트에게 배우는 산업&매크로 분석과 투자 전략,3,3,0,6,0,0,0,1,0,0,2,1,2,1,0,0,0,1,0,0,0,1,0,0,1,0,1,1,1,1,2
초격차 패키지 : 30개 프로젝트로 배우는 Android 앱 개발 with Kotlin,3,5,5,12,3,3,10,5,1,5,8,7,6,0,4,3,4,0,3,4,3,5,0,4,2,2,2,3,3,2,13
부동산 디벨로퍼 아카데미 : 주거용 수익형 부동산 개발,3,0,0,0,0,0,0,0,0,0,0,0,2,0,1,0,1,0,0,0,0,0,0,0,0,0,1,0,0,1,0
올인원 패키지 : 100억을 움직이는 단 10장의 PPT,3,3,2,2,1,0,5,0,2,2,2,1,3,1,1,2,2,5,2,2,4,1,0,0,2,0,1,3,5,1,6
올인원 패키지 : 김민태의 프론트엔드 아카데미 : 제 1강 JavaScript & TypeScript Essential,3,2,2,2,0,1,2,1,1,3,8,2,6,0,0,1,0,0,0,1,1,3,1,1,1,0,1,4,1,1,0
히어로부터 크리쳐까지: 어벤져스 모델러의 Zbrush 모델링,3,0,2,0,0,0,0,2,0,0,2,1,2,1,1,0,0,0,1,0,1,1,1,0,0,0,1,1,0,0,0
초격차 패키지 : 한 번에 끝내는 Java/Spring 웹 개발 마스터,3,15,7,15,0,6,17,6,5,13,7,3,7,6,5,4,3,3,9,4,16,8,6,9,10,3,3,11,8,9,32
올인원 패키지 : 스프링러너의 스프링 아카데미 : 원리를 이해하는 Spring MVC/Spring Boot 실전 활용 가이드,3,1,2,0,0,0,0,0,0,0,4,1,0,2,0,0,0,0,0,0,3,0,0,0,0,0,1,1,0,0,2
올인원 패키지 : 디자이너 몰래 듣는 압축 포토샵,3,2,2,5,2,2,4,1,2,3,1,3,1,4,0,3,2,1,2,2,1,2,0,0,2,0,3,4,2,4,7
올인원 패키지 : 13만 구독자 피피티프로젝트의 누구나 쉽게 배우는 시선강탈 피피티 디자인,2,1,1,0,0,0,1,1,1,0,2,1,0,0,1,0,1,0,0,0,0,1,0,0,0,0,0,1,0,0,1
초격차 패키지 : 30개 프로젝트로 배우는 프론트엔드 with React,2,4,7,7,0,0,7,7,1,6,9,3,9,0,3,3,1,2,1,1,5,4,5,7,4,1,1,5,3,6,8
초격차 패키지 : 한 번에 끝내는 React의 모든 것,2,9,3,4,0,0,4,5,5,4,4,1,6,5,4,1,3,2,1,0,5,2,2,1,4,3,0,3,2,4,5
초격차 패키지 : 한 번에 끝내는 일러스트레이터 활용,2,2,3,4,0,2,1,1,0,0,2,1,2,2,0,0,1,0,0,2,0,1,0,1,0,0,1,1,2,1,2
올인원 패키지 : M&A 기업가치평가 및 기술가치평가 실무,2,0,1,0,0,0,0,1,0,0,2,0,1,1,0,1,0,0,0,0,0,0,0,0,0,2,0,0,2,0,1
올인원 패키지 : 구글 Material Design 시스템을 활용한 Youtube for Learning 앱 디자인 프로젝트,2,0,2,4,0,0,0,1,0,0,0,0,0,0,0,0,0,0,2,1,0,1,0,1,0,0,0,0,0,0,1
초격차 패키지: Kubernetes와 Docker로 한 번에 끝내는 컨테이너 기반 MSA,2,4,3,9,3,1,10,7,4,12,14,6,15,4,1,1,1,3,0,1,2,2,7,1,3,2,3,7,8,6,8
편집하는여자의 영상편집 마스터클래스 - 제 3강 디테일한 이펙트로 완성하는 프리미어,2,3,6,4,2,3,7,3,2,4,3,1,10,7,4,4,2,4,3,3,8,7,4,3,10,1,3,7,4,11,8
올인원 패키지 : 30개 글감으로 에세이 작가되기 BY.정영욱,2,2,5,6,0,1,2,1,1,2,2,1,2,3,1,1,1,0,1,0,2,0,0,2,1,0,0,1,1,1,0
올인원 패키지 : C++ 실력완성,2,1,2,4,0,1,1,0,0,0,2,1,2,3,3,1,1,2,0,0,0,1,1,0,1,0,0,0,1,1,0
초격차 패키지 : 한 번에 끝내는 디지털 마케팅(제발 원본 자료 삭제금지),2,4,4,7,0,1,7,5,7,11,10,3,11,5,3,2,3,4,2,2,9,11,5,6,8,3,3,11,7,13,22
올인원 패키지 : Unity를 활용한 영화 애니메이션 제작,2,2,0,0,1,0,2,0,0,0,3,0,0,0,0,1,0,0,0,0,1,0,0,0,1,0,0,0,1,0,2
애프터이펙트 플러그인을 활용한 모션그래픽 아트워크,2,1,0,2,0,0,0,1,0,0,0,0,0,0,0,0,0,0,1,0,0,0,0,0,1,1,0,2,0,0,0
The RED : Meta 연구원 문경식의 단일 이미지 인식을 통한 Human Pose Estimation,2,4,1,0,0,0,3,2,0,1,2,1,5,2,2,0,1,0,0,0,0,2,2,0,3,0,2,3,3,3,0
초격차 패키지 : 게임 캐릭터 모델링의 모든 것,2,0,2,3,0,1,3,0,0,2,2,1,4,1,2,0,0,3,0,1,1,0,0,0,0,1,0,1,1,1,0
블렌더로 손쉽게 만드는 캐주얼한 3D 캐릭터,2,1,0,0,0,1,2,0,0,0,2,1,1,2,0,0,1,0,0,0,1,0,0,0,0,0,1,1,0,1,0
부동산 디벨로퍼 아카데미 : 토지 개발,2,0,1,0,0,0,3,0,0,1,0,0,2,0,0,0,0,0,1,1,0,2,0,0,0,0,4,2,0,0,1
김동원의 저예산 마케팅을 위한 검색 광고 최적화 -SEO/SEM마스터,2,4,0,1,0,1,2,0,0,0,3,0,1,2,1,1,3,0,1,0,1,1,0,0,1,0,1,1,3,0,1
올인원 패키지 : 김민태의 프론트엔드 아카데미 : 제 2강 만들어보며 이해하는 React & Redux,2,2,2,1,0,0,1,1,1,0,2,1,1,0,3,1,0,0,0,0,0,0,1,1,2,0,2,3,0,0,0
올인원 패키지 : 유전 알고리즘을 활용한 머신러닝 입력 최적화 및 대안 제안 메소드,2,1,0,1,0,0,1,1,0,0,0,0,1,0,0,0,0,1,0,0,0,0,0,0,1,0,0,0,0,0,0
((2022 리부트)) 초격차 패키지 : 한 번에 끝내는 Spring 완.전.판,2,2,0,5,0,0,4,2,3,2,3,2,4,3,3,1,1,0,0,0,1,1,1,0,2,0,1,1,1,2,3
올인원 패키지 : 세일즈 코치 Cate의 B2B Sales 성공방정식,2,0,3,3,0,0,0,0,0,0,2,0,0,0,0,3,0,0,1,0,0,0,0,0,0,0,0,0,0,0,1
올인원 패키지 : Data Driven UX Design,2,2,2,4,0,0,0,2,0,1,0,0,0,0,0,2,0,0,0,0,0,0,0,2,2,0,0,1,0,1,0
초격차 패키지 : 한 번에 끝내는 딥러닝/인공지능,2,2,4,7,2,3,7,7,3,7,14,3,13,4,6,1,2,3,2,1,7,3,2,5,4,4,3,6,6,8,17
올인원 패키지 : 다빈치리졸브로 배우는 영상 색 보정 A to Z,2,1,2,1,0,1,0,0,1,1,2,0,0,0,0,0,0,0,2,0,0,0,0,0,1,0,0,0,1,0,2
올인원 패키지 : 성립의 아이패드 오일파스텔 인물화와 감각적인 애니메이션,2,0,0,2,0,0,1,0,0,0,0,1,0,0,1,0,0,0,0,1,0,0,0,0,1,0,0,1,0,0,1
올인원 패키지 : 블리자드 아티스트의 게임 일러스트 빛과 색,2,1,2,5,0,1,4,1,1,2,2,1,2,0,0,0,1,0,0,0,0,3,0,1,1,5,0,1,3,1,3
용호수의 돈 버는 실전 영상 제작,2,4,0,3,0,4,5,1,1,2,2,1,4,1,1,2,1,2,3,2,3,1,1,0,1,2,1,1,1,0,6
초격차 패키지 : 한번에 끝내는 3D 모션그래픽,2,2,1,2,1,1,1,0,1,0,3,2,1,0,0,1,1,0,0,0,0,1,1,0,0,1,0,0,0,0,0
초격차 패키지 : 세상의 모든 감성 아이패드 드로잉,2,0,1,4,3,1,4,1,2,3,2,4,3,4,3,4,0,1,1,1,0,0,1,2,1,1,3,0,1,3,7
올인원 패키지 : 아파트 말고 부동산 재테크 시작하기,2,0,0,1,0,0,2,0,0,1,0,0,1,0,1,0,0,0,1,1,0,0,0,0,0,0,1,0,0,1,2
 올인원 패키지 : 알고리즘 기술면접 완전 정복,2,2,0,2,0,1,1,2,2,2,6,3,2,4,10,0,0,0,2,1,2,3,2,4,1,2,0,4,0,0,4
초격차 패키지 : 무조건 팔리는 SNS콘텐츠 끝장내기,2,4,2,3,0,3,7,2,0,4,6,2,4,1,0,0,0,2,0,2,6,2,1,4,2,0,3,2,3,1,7
초격차 패키지 : 한 번에 끝내는 머신러닝과 데이터분석 A-Z,2,3,3,0,2,0,4,8,3,5,5,5,5,1,1,2,1,0,0,1,3,3,2,0,1,1,3,1,2,2,10
올인원 패키지 : 완전정복 시각디자인 기초,2,5,0,10,0,0,5,1,2,1,3,4,9,1,1,0,1,2,1,0,6,1,6,2,9,0,3,4,1,6,7
3단계로 끝내는 직장인 건물주 프로젝트,1,1,1,0,0,0,1,2,0,0,1,2,2,1,1,0,0,0,0,0,1,2,0,0,0,0,1,0,0,1,0
부동산 디벨로퍼 아카데미 : 인허가,1,1,0,3,0,0,1,1,2,1,1,0,1,2,0,1,1,2,3,2,1,1,0,1,0,0,1,0,0,0,1
초격차 패키지 : 나만의 애정하는 인물 드로잉,1,2,1,0,1,0,0,1,0,0,0,0,0,0,0,0,0,0,0,1,0,1,0,0,1,1,0,1,0,0,0
쟈니브로스의 영상 제작 올인원 마스터 클래스 Kit,1,0,0,0,0,0,2,1,0,0,0,1,3,0,0,0,0,3,0,0,1,2,1,1,1,0,1,2,2,2,4
올인원 패키지 : 김왼손의 파이썬 업무자동화 유치원,1,2,1,3,0,0,1,1,0,1,0,1,1,0,1,0,0,1,1,1,1,1,2,0,1,0,3,3,0,2,1
올인원 패키지 : 실시간 빅데이터 처리를 위한 Spark & Flink,1,2,1,1,1,1,7,4,0,0,1,1,3,1,3,3,0,2,0,0,2,2,2,0,0,0,0,0,0,4,1
Kafka 완전 정복 : 클러스터 구축부터 MSA 환경 활용까지,1,3,1,8,0,1,5,6,2,2,2,0,1,1,4,2,1,2,1,0,3,2,2,8,2,1,2,1,5,1,6
올인원 패키지 : 직장인 회계 첫걸음,1,1,0,6,0,1,2,0,1,2,2,1,0,0,1,1,1,0,1,0,0,0,3,0,1,0,1,0,0,0,4
올인원 패키지 : 박은종의 객체지향 설계를 위한 디자인패턴 with 자바,1,2,2,2,1,0,0,0,1,0,1,0,1,1,1,1,1,0,0,1,0,1,0,0,0,0,0,0,0,0,0
올인원 패키지 : 십다 프리미어,1,0,1,0,0,0,1,1,1,1,2,0,2,0,1,2,1,1,0,0,3,0,1,0,0,1,0,0,0,0,1
올인원 패키지 : 구글 애널리틱스,1,2,0,1,0,0,2,1,1,2,2,0,0,1,4,1,1,3,0,1,1,1,0,2,1,0,0,1,1,1,0
올인원 패키지 : 사진 촬영 및 라이트룸 보정,1,0,1,2,0,1,1,2,0,0,3,2,2,1,0,0,0,0,1,0,0,0,0,0,2,0,0,1,0,3,0
올인원 패키지 : 프로젝트와 함께 배우는 R 데이터 분석,1,1,1,1,1,0,1,0,1,2,1,1,0,0,1,0,0,0,0,0,0,1,0,0,0,0,0,0,0,0,1
올인원 패키지 : 카콜의 가볍게 시작하는 데일리 아이패드 크로키,1,1,3,0,0,0,2,1,1,1,1,0,2,1,0,0,0,0,1,0,1,2,0,0,1,0,0,1,0,0,3
올인원 패키지 : 스프링의 정석 : 남궁성과 끝까지 간다,1,4,2,3,0,0,4,1,1,5,4,4,13,0,3,4,2,1,3,2,2,4,7,5,5,2,3,6,2,5,17
올인원 패키지 : 공여사와 무작정 풀어보는 엑셀 실무,1,4,1,2,1,2,1,2,4,1,4,1,3,1,0,0,1,0,3,1,0,2,1,2,1,3,3,4,4,5,7
올인원 패키지 : 머신러닝 서비스 구축을 위한 실전 MLOps,1,3,2,12,0,2,9,13,2,2,6,1,4,1,0,2,0,2,0,0,2,4,6,2,2,2,3,7,4,3,6
올인원 패키지 : 통계와 엑셀을 활용한 데이터 분석,1,1,2,4,0,1,1,0,0,0,1,1,1,0,1,1,0,1,0,0,1,0,2,0,3,0,1,3,2,1,1
"올인원 패키지 : 김기현의 BERT, GPT-3를 활용한 자연어처리",1,1,0,1,0,0,0,3,0,2,1,2,2,1,4,1,1,0,0,0,2,3,1,3,0,1,0,1,2,2,5
올인원 패키지 : 노잼봇과 함께 배우는 파이썬 유치원,1,1,0,2,0,0,0,0,1,2,1,1,3,0,1,0,2,0,1,0,0,0,0,1,0,0,0,0,0,2,1
올인원 패키지 : 모델 성능 개선으로 익히는 강화학습 A to Z,1,1,2,2,0,1,2,0,1,1,0,1,2,1,1,1,0,1,0,0,0,0,2,1,1,0,0,0,0,1,0
올인원 패키지 : 대체투자 자산운용 실무,1,0,0,1,0,0,3,0,2,3,1,0,1,1,2,0,1,0,0,1,0,1,0,1,0,1,2,0,1,1,4
"올인원 패키지 : A/B 테스트 탑재, 개인화 마케팅 끝장내기",1,1,0,1,0,1,1,1,0,0,0,1,0,0,1,0,0,0,0,0,0,0,0,0,0,0,0,1,0,1,0
올인원 패키지 : 실무 문제 해결을 위한 데이터 사이언스,1,0,1,2,0,0,0,1,0,2,2,1,2,1,2,0,0,0,1,0,2,0,0,1,0,0,0,0,1,2,2
올인원 패키지 : 6개월 치 업무를 하루 만에 끝내는 업무자동화,1,0,1,3,1,0,2,2,3,0,4,3,6,2,0,0,0,1,2,1,1,2,1,0,1,0,0,2,1,2,4
올인원 패키지 : 배곡파 작가의 웹소설 남자 캐릭터 일러스트,1,2,1,0,0,0,1,1,2,1,3,2,2,2,5,0,3,0,2,0,3,1,1,0,1,4,0,3,2,4,7
올인원 패키지 : 자유자재로 쓰는 태블로 대시보드 마스터,1,0,1,0,0,0,2,1,0,0,2,0,1,2,0,2,0,1,0,0,0,1,0,3,2,1,0,1,0,0,0
연습문제 패키지 : 퀴즈처럼 풀면서 배우는 파이썬 딥러닝 300제+,1,1,0,4,0,0,1,1,0,0,2,0,0,2,1,0,0,0,0,0,3,0,1,1,2,1,0,1,0,1,3
올인원 패키지 : 김기현의 딥러닝을 활용한 자연어생성,1,1,1,1,0,0,2,2,1,1,1,0,1,0,0,0,1,1,0,0,1,0,0,0,0,0,0,0,1,0,3
The RED : 모든 비즈니스를 성공으로 이끄는 Product Management Essential by 김영욱,1,3,0,1,1,0,0,1,1,0,0,1,2,2,2,0,0,0,0,0,0,1,0,1,3,1,0,0,3,1,2
초격차 패키지 : 한 번에 끝내는 데이터 분석,1,6,2,3,0,2,4,4,0,4,4,4,10,2,2,0,1,0,0,0,3,2,4,3,6,3,3,6,3,2,6
편집하는여자의 영상편집 마스터클래스 - 제 2강 10가지 편집기법으로 프리미어 레벨업하기!,1,1,3,1,0,1,1,1,0,1,0,0,3,0,1,0,0,0,0,0,0,0,0,0,0,0,0,0,0,3,1
올인원 패키지 : 타이포그래피와 편집디자인,1,1,0,1,0,0,0,2,1,1,1,2,0,0,0,2,2,0,0,1,1,1,0,2,0,0,1,6,8,2,1
초격차 패키지 : 한 번에 끝내는 엑셀 실무,1,2,4,4,1,1,0,1,1,1,3,3,1,3,1,2,0,0,3,1,1,5,4,2,1,3,1,1,1,1,3
초격차 패키지 : 한 번에 끝내는 마케팅 취업,1,6,2,4,0,1,2,1,0,2,0,0,0,1,2,0,1,1,0,0,1,0,3,1,1,2,0,0,1,2,0
올인원 패키지 : 브랜딩 2020,1,0,3,2,0,1,0,0,2,1,1,1,0,2,1,1,0,1,0,3,0,1,2,0,0,0,0,0,1,2,1
The RED : 블리자드 라이팅 아티스트 : 이호성의 언리얼 엔진 라이팅,1,1,0,0,1,1,3,0,0,0,4,1,2,0,0,0,1,1,0,0,0,3,1,0,0,0,0,0,2,1,0
애프터 이펙트 하나로 디자이너처럼 만드는 모션그래픽,1,1,2,2,0,0,1,0,1,1,3,0,1,1,0,1,0,1,0,0,0,0,1,0,4,0,1,0,0,2,0
올인원 패키지 : 소비자 리서치와 보고서 작성,1,0,0,2,0,1,0,1,0,0,2,0,0,2,0,0,0,0,1,1,1,0,0,0,0,0,0,0,0,0,2
The RED : 1조 기업 가치를 만들어 낸 경영 원칙 by 신현성,1,0,0,0,1,0,0,0,0,0,0,0,0,0,1,0,0,0,0,0,0,0,0,0,0,0,0,0,1,1,1
[Kit] 닷밀의 미디어아트 그래픽 클래스 : 모션그래픽 뉴패러다임 Creative Kit,1,1,1,5,0,0,3,0,0,1,4,0,1,0,2,1,0,0,0,1,1,0,1,1,0,0,0,1,1,0,3
올인원 패키지 : 재무/세무 회계 실무 완성,1,0,2,1,0,0,0,2,2,0,2,3,1,1,0,0,0,1,0,1,1,1,1,1,0,0,3,1,0,4,8
올인원 패키지 : 부동산 디벨로퍼,1,2,1,4,0,1,4,6,0,0,2,2,7,1,0,1,1,2,1,0,2,5,4,2,2,0,0,4,1,3,1
초격차 패키지 : 한번에 끝내는 금융ㆍ투자(IB) 실무,1,1,7,5,4,1,4,1,2,7,4,1,8,2,3,3,2,2,0,5,0,3,1,3,1,4,1,6,5,3,13
합격 패스 : 데이터베이스와 SQLD,1,3,3,5,3,2,3,2,5,4,2,1,2,0,5,1,2,1,3,0,4,2,5,1,2,1,1,4,4,4,3
The RED : 검색엔진 구축을 위한 Elasticsearch 마스터 클래스 by 정호욱 ,1,1,1,0,0,1,2,1,0,1,1,3,1,1,0,1,0,1,1,0,1,0,0,1,0,0,1,0,3,1,3
올인원 패키지 : 누구나 가능한 VR/AR 콘텐츠 제작,1,1,0,5,0,0,0,0,0,3,1,0,2,1,2,1,0,0,1,0,1,2,2,1,0,0,0,2,1,0,1
MSA 환경의 효율적인 DevOps를 위한 Istio,1,2,2,7,0,1,3,1,0,0,1,1,0,0,2,0,0,3,0,0,1,4,3,0,0,1,0,1,2,1,7
올인원 패키지 : 최성일의 코딩 초급자를 위한 웹 모션 디자인,1,1,2,4,1,0,3,0,1,1,3,1,1,1,2,1,1,0,0,1,2,0,3,2,1,0,1,0,1,0,2
올인원 패키지 : 바다가 알려주는 감성가득 영상 제작,1,0,1,2,0,1,4,1,0,0,0,0,3,0,0,0,1,0,0,0,0,0,0,0,0,0,0,0,0,1,2
올인원 패키지 : 연봉도 배우면 바뀐다! 협상왕의 12가지 시스템 불패 전략,1,0,0,0,0,0,0,1,0,1,0,1,1,0,0,1,0,0,0,0,0,0,0,0,0,1,0,0,0,1,0
연습문제 패키지 : 퀴즈처럼 풀면서 배우는 파이썬 머신러닝 300제+,1,1,2,4,0,0,1,1,1,1,2,1,0,2,0,0,0,0,2,1,1,0,0,1,0,0,0,1,0,0,3
업계 TOP 세무사와 부동산 세금 고민 끝장내기,1,0,0,1,0,0,0,0,0,0,1,1,2,0,1,0,0,0,0,0,0,2,0,0,0,0,0,0,0,0,0
초격차 패키지 : 한번에 끝내는 재무세무회계 ,1,2,5,6,0,0,1,2,0,3,4,0,0,0,1,0,0,0,0,1,1,1,2,3,3,1,0,0,1,2,3
The RED : YouTube 프로덕트 매니저 다니엘의 PM 101,1,4,1,4,1,2,3,5,1,6,0,1,3,1,1,1,0,2,0,1,3,2,0,1,1,0,1,2,2,3,1
코꼬마를 위한 코딩유치원,1,3,2,1,0,1,0,0,0,1,0,0,0,0,0,1,0,1,1,0,1,0,0,1,1,1,0,2,2,0,0
초격차 패키지 : 게임 개발자 취업의 모든 것,1,2,1,3,1,1,0,1,1,1,1,1,3,1,0,2,0,0,0,0,2,0,2,1,2,0,3,0,2,1,5
초격차 패키지 : 세상의 모든 연필과 펜 드로잉,1,3,0,3,0,0,1,0,0,0,1,0,0,0,1,0,0,0,1,0,1,0,1,1,0,0,1,0,1,4,2
탄탄한 Animatics에 기반한 Cinema4D 포트폴리오 퀀텀점프,1,0,0,1,1,0,1,0,0,0,2,2,4,0,0,0,0,2,0,1,2,2,0,0,0,0,0,0,0,0,0
초격차 패키지 : 한 번에 끝내는 반복 업무 자동화,1,0,0,0,0,0,0,2,0,0,0,0,0,0,0,0,0,0,0,0,0,0,0,0,0,0,0,0,0,1,1
 UX Explorer : UXUI Design Conference 2022 VOD 판매,1,1,1,1,0,0,0,1,0,0,0,0,0,0,0,0,1,0,0,1,0,0,0,0,1,0,0,0,1,1,0
올인원 패키지 : 마디아의 UX/UI 포트폴리오,1,2,0,1,0,1,1,1,0,1,0,1,0,0,0,0,0,1,0,0,0,0,0,0,0,0,0,0,0,1,2
올인원 패키지 : 파이썬을 활용한 데이터 전처리 Level UP,1,0,2,2,0,0,0,1,0,1,2,1,2,1,0,0,0,0,0,0,0,1,0,1,0,0,0,1,0,0,0
올인원 패키지 : 누적 다운로드 120만+ 1인 개발자와 함께하는 앱 개발 입문,1,2,1,2,0,0,3,0,0,1,3,0,3,4,0,0,0,0,0,0,1,2,1,1,0,0,1,0,1,0,2
올인원 패키지 : 소금툰과 함께 캐릭터 드로잉/굿즈/임티/컷툰,1,1,4,5,0,0,2,1,0,2,0,0,0,1,2,1,2,0,2,1,0,1,0,1,2,1,2,0,0,0,6
올인원 패키지 : 제 2의 월급을 만들어주는 직장인 스몰비즈니스 가이드,1,0,2,4,0,0,2,0,1,0,6,0,2,0,2,0,0,0,3,0,0,0,0,1,1,0,0,0,3,0,2
The RED : UX디자인의 정석 2022,1,0,0,0,0,0,2,0,0,0,0,1,1,1,0,0,0,1,0,1,0,1,0,1,0,0,0,0,0,0,0
초격차 패키지 : 한 번에 끝내는 유튜브 크리에이터 되기,0,24,0,1,0,0,2,3,0,1,4,1,5,0,0,1,0,0,2,0,2,1,1,0,0,0,0,1,0,2,7
초격차 패키지 : 100개의 클론디자인으로 배우는 UX/UI,0,5,2,5,0,1,8,3,3,3,11,0,4,0,1,5,0,2,0,0,2,1,3,2,2,1,2,2,6,4,1
초격차 패키지 : 한 번에 끝내는 데이터 분석 툴,0,4,1,4,0,1,0,2,1,0,1,2,1,1,0,1,0,1,0,1,0,2,1,3,2,3,3,2,1,3,3
초격차 패키지 : 한 번에 끝내는 게임 배경의 모든 것,0,4,0,3,0,1,0,0,0,0,2,0,0,0,0,0,0,0,0,0,0,0,0,1,1,0,1,2,0,0,0
"쟈니브로스에게 배우는 영상 완성의 3단계 : 편집, 색보정, CG효과",0,4,1,1,0,0,2,1,0,1,1,0,1,0,0,0,0,0,0,1,2,0,1,1,0,0,1,2,0,2,0
올인원 패키지 : iOS 앱 개발,0,4,0,2,0,0,1,0,0,1,2,2,0,0,1,0,0,0,0,0,0,0,0,0,0,0,0,0,0,0,0
올인원 패키지 : 애프터이펙트를 활용한 2D 모션그래픽 (2021),0,3,1,3,1,1,2,0,0,0,5,1,3,0,2,2,1,1,0,1,1,1,0,1,0,1,1,5,1,1,2
올인원 패키지 : 권오상의 금융 아카데미 - 권오상 회계사의 자금조달 분석 및 가치평가 (수강시간 제한),0,3,1,1,0,1,0,0,0,0,0,0,1,1,0,0,2,0,2,0,0,1,1,0,0,1,1,2,0,3,0
초격차 패키지 : 한 번에 끝내는 데이터 사이언스,0,2,2,2,0,0,1,1,1,2,4,0,2,1,1,1,3,0,0,0,1,0,1,0,0,0,0,1,0,0,5
The RED : 효과적인 비동기처리를 위한 Kotlin Coroutines & Flow 마스터 by 김용욱,0,2,1,7,0,1,2,5,1,4,6,3,5,8,6,3,3,2,1,2,2,2,3,1,2,3,2,6,8,4,15
150만 원으로 월 천만 원 도전하는 액세서리 스마트스토어 부업,0,2,0,1,0,0,1,0,1,2,0,2,0,2,2,1,0,0,2,0,1,1,0,1,1,0,0,1,2,1,2
글로벌 엑스퍼트: 캐글 1위와 풀어보는 머신러닝 입문 트레이닝,0,2,1,0,0,0,0,0,0,0,0,0,0,0,1,0,0,0,0,1,2,0,0,0,0,0,0,0,0,0,0
올인원 패키지 : IREN의 배경과 소품을 활용한 캐주얼 일러스트,0,2,0,5,1,1,1,2,0,5,6,0,1,2,2,2,0,0,0,0,0,1,1,1,1,2,1,1,0,2,3
매치무브 온보딩 :Maya와 3D Equalizer로 배우는 헐리우드 매치무브,0,2,0,0,0,0,3,1,0,0,0,0,0,0,0,0,0,0,0,0,0,1,0,0,0,0,0,1,0,1,0
The RED : 백엔드 에센셜 : 대용량 서비스를 위한 아키텍처 with Redis by 강대명,0,1,0,1,1,2,1,5,0,0,6,2,2,0,0,2,0,0,1,1,1,0,1,1,1,1,0,2,0,2,2
The RED : StarGAN 저자 주재걸의 이미지/영상 생성 마스터 클래스,0,1,0,4,0,1,2,4,1,2,2,0,10,0,0,0,1,1,1,0,6,2,0,1,2,1,0,1,1,1,3
올인원 패키지 : 리눅스 실전 정복,0,1,1,4,0,0,3,1,2,0,3,0,4,0,1,1,0,0,0,1,1,0,2,1,1,0,1,3,2,0,2
올인원 패키지 : C#으로 하는 인공지능 게임 제작 : 강화학습 에이전트를 사용한 보드게임 제작 실습,0,1,0,1,0,0,1,0,0,0,0,0,0,0,0,0,0,0,0,0,0,0,0,1,0,0,0,0,0,0,0
The RED : 칼만필터를 활용한 자율주행 센서퓨전 기술 구현 by 조형기,0,1,2,0,0,0,1,0,0,1,0,0,1,0,0,1,0,0,2,0,0,1,1,0,0,1,0,1,8,2,2
초격차 패키지 : 한번에 끝내는 3D 디자인 툴,0,1,2,1,0,1,1,1,1,2,3,1,0,1,2,0,1,0,3,1,2,0,0,1,1,0,1,0,3,2,2
올인원 패키지 : 김기현의 딥러닝을 활용한 자연어처리 입문,0,1,0,2,0,0,3,0,0,1,1,0,2,0,1,2,2,3,0,0,3,1,0,1,0,0,1,1,0,0,4
올인원 패키지 : 스프링러너의 스프링 아카데미 : Spring을 활용한 유연한 백엔드 개발 트레이닝,0,1,2,1,0,0,0,0,0,1,2,1,1,0,0,0,0,0,0,0,3,0,0,0,0,0,1,0,2,0,1
The RED : 국내 최대 규모의 올인원 프로덕션 : 쟈니브로스에게 배우는 뮤직비디오 제작 바이블,0,1,0,0,0,1,1,0,0,2,0,0,2,0,0,0,0,0,0,0,0,0,0,1,1,0,1,0,0,0,0
올인원 패키지 : 강필성의 머신러닝 아카데미,0,1,0,0,0,0,0,1,1,2,1,0,0,1,0,0,1,0,0,0,0,1,0,0,0,0,0,0,0,0,0
초격차 패키지 : 한번에 끝내는 VFX,0,1,2,0,0,0,1,0,0,0,2,1,2,0,0,3,0,1,0,1,2,0,1,1,0,0,1,1,0,0,1
2030을 위한 내 집 마련의 모든 것,0,1,1,4,0,0,1,2,0,0,2,3,2,2,1,0,0,0,1,0,1,0,0,0,0,1,0,3,0,0,1
올인원 패키지 : 파이썬을 활용한 이커머스 데이터 분석,0,1,1,1,0,0,0,1,1,0,2,0,0,1,0,1,0,0,1,0,0,1,4,0,0,1,0,0,0,0,3
올인원 패키지 : 100억을 움직이는 50가지 PPT 디자인 원칙,0,1,2,4,4,3,2,2,3,4,5,2,2,5,1,0,5,2,3,1,1,2,7,1,2,1,1,2,5,3,7
올인원 패키지 : 권오상의 금융 아카데미 - 권오상의 재무제표 분석 기초 (수강시간 제한),0,1,2,1,0,2,0,4,2,5,1,2,1,0,2,0,0,4,2,2,3,3,2,4,3,2,0,1,2,3,3
조MD의 스마트스토어 순수익으로 월급 뛰어넘기,0,1,6,4,0,1,3,1,2,0,2,1,2,0,1,0,1,0,0,0,0,4,0,0,0,1,1,0,0,2,3
올인원 패키지 : 네트워크와 보안 핵심 요약,0,1,0,3,0,2,2,1,0,0,1,0,1,1,0,1,0,0,1,2,3,0,2,1,0,0,2,0,0,2,0
"해외주식명저로 배우는 글로벌 Top 헤지펀드, 퀀트 투자 전략",0,1,0,1,0,0,0,1,0,1,0,0,1,0,0,1,0,0,0,0,0,0,0,0,0,0,0,0,0,0,0
올인원 패키지 : 딥러닝을 활용한 추천시스템 구현,0,1,1,2,0,1,0,0,2,0,0,0,1,1,1,0,0,2,2,2,2,1,1,2,2,0,0,1,0,0,1
올인원 패키지 : 나의 커리어 치트키 데이터 분석 유치원,0,1,1,3,0,0,2,1,1,1,3,0,4,2,3,0,0,1,0,0,0,2,1,4,0,0,1,2,0,1,9
올인원 패키지 : 7일만에 끝내는 디지털 마케팅 광고집행 실무,0,1,0,3,0,0,1,1,0,1,3,0,1,1,1,0,1,0,0,0,0,2,2,2,2,0,1,0,1,2,4
올인원 패키지 : 생존을 위한 IT 필수지식,0,1,0,2,0,0,1,1,0,6,1,0,1,2,0,1,1,1,1,0,1,0,3,13,1,0,0,0,0,2,4
초격차 패키지 : 나만의 특별한 일상과 여행 드로잉,0,1,1,0,0,0,0,0,0,0,1,0,0,1,0,1,0,0,1,0,1,1,1,0,0,2,0,0,1,0,1
올인원 패키지 : 해외소싱으로 온라인 커머스 정복하기,0,1,0,1,0,0,0,0,1,2,2,1,3,1,0,0,0,1,0,0,0,1,0,0,0,0,0,0,0,2,1
초격차 패키지 : 확실하게 끝내는 포토샵&일러스트레이터,0,1,2,0,0,0,0,0,2,5,1,0,3,1,1,4,3,1,0,1,2,1,2,3,1,1,0,1,1,2,6
올인원 패키지 : 현직 Advisory에게 배우는 M&A 전략 및 PMI 실무,0,1,0,1,0,0,0,2,1,0,1,0,3,1,0,0,0,0,2,0,0,0,1,1,1,0,1,1,1,1,0
초격차 패키지 : 한 번에 끝내는 부동산 경매/공매 ,0,1,1,5,0,1,1,0,2,2,5,1,2,1,0,0,0,0,0,0,1,0,0,0,0,2,1,2,0,1,2
Realistic Character 제작으로 배우는 게임 캐릭터 모델링,0,1,0,0,2,0,1,2,1,2,1,1,1,0,1,2,0,0,0,0,0,0,0,0,0,0,0,0,1,1,0
올인원 패키지 : 엑셀로 만드는 부동산 Financial Modeling,0,1,0,1,1,2,1,2,0,5,3,2,3,1,1,1,2,0,2,0,0,0,0,1,1,1,3,1,1,5,10
전환율을 높이는 그로스마케팅 by.이하석,0,1,2,3,0,1,0,1,0,1,0,0,0,2,0,0,0,0,0,0,1,0,2,1,0,0,1,1,0,0,1
올인원 패키지 : 권오상의 금융 아카데미 - 권오상의 재무제표 분석 심화 (수강시간 제한),0,1,2,1,2,0,0,0,0,0,1,0,1,0,0,1,0,1,0,0,0,3,1,1,3,0,1,4,0,1,4
The RED : 조은의 프론트엔드 실무 가이드 : 요구사항 분석과 적정 기술,0,1,2,1,0,0,1,1,1,1,0,2,2,2,0,0,1,0,1,0,0,1,1,0,0,0,0,0,1,0,0
올인원 패키지 : 파이썬을 활용한 시계열 데이터 분석 A-Z,0,0,3,2,0,0,0,3,1,2,4,3,0,0,0,2,0,0,1,0,3,2,0,1,2,1,0,1,2,1,1
올인원 패키지 : 컴퓨터비전과 딥러닝,0,0,3,6,1,2,3,4,0,2,2,0,9,0,1,2,4,0,1,1,1,2,1,1,3,1,1,3,0,3,5
올인원 패키지 : 클라우드를 활용한 데이터 파이프라인 구축,0,0,2,4,0,0,5,2,0,1,6,0,4,0,0,2,0,1,0,0,1,0,0,2,1,0,0,0,0,6,5
옥테인으로 만드는 뉴디멘션: Vectron 프랙탈 아트웍,0,0,2,1,0,0,0,1,0,0,0,0,0,0,0,0,0,0,0,0,0,0,0,0,0,0,0,0,0,1,0
올인원 패키지 : 박세익 전무에게 배우는 주식 시장 분석 & 포트폴리오 운용 전략,0,0,2,5,0,0,4,2,3,0,7,1,3,1,0,3,2,2,1,0,0,1,0,0,0,1,1,0,1,0,2
초격차 패키지 : 한 번에 끝내는 포토샵 활용,0,0,2,2,0,2,0,0,0,0,1,1,0,1,0,0,0,1,0,1,0,2,1,0,0,1,1,0,1,0,2
"The RED : 구글이 선택한 디자이너, 한유진의 디자인 시장 생존전략",0,0,2,0,0,0,0,0,0,1,1,1,2,1,1,3,0,0,1,0,1,0,2,3,0,0,0,3,0,1,3
올인원 패키지 : 성공적인 UX를 위한 유저 리서치 by 카카오페이 리서처,0,0,2,2,0,0,2,0,0,0,3,0,1,0,1,0,0,0,0,1,0,0,0,0,0,0,0,0,1,0,0
올인원 패키지 : 박민수에게 배우는 직장인 초현실 투자 전략,0,0,2,0,0,1,1,0,0,0,0,1,3,1,0,0,0,2,0,2,0,0,0,0,2,0,0,1,0,0,1
올인원 패키지 : Financial Modeling,0,0,2,4,0,0,2,1,2,1,3,2,6,4,2,3,2,2,2,0,1,2,2,3,2,1,0,1,4,1,2
모두를 위한 앱 개발 : Android 앱 개발의 정석 with Kotlin,0,0,2,4,0,0,2,2,3,3,9,1,4,1,3,0,1,1,0,2,1,1,1,1,1,1,3,2,3,2,4
부동산 디벨로퍼 아카데미 : 상업용/숙박용 부동산 개발 The Real,0,0,1,1,0,0,1,0,0,0,1,1,0,1,0,0,0,0,0,0,0,0,0,0,0,0,0,0,0,0,1
올인원 패키지 : 스타트업 투자유치&벤처 투자,0,0,1,2,1,2,2,1,0,1,1,3,2,0,2,0,0,0,3,0,0,1,2,3,2,0,2,1,0,0,2
올인원 패키지 : 7일만에 끝내는 마케팅 데이터 분석과 시각화 실무,0,0,1,3,0,2,2,0,1,1,0,1,0,0,1,0,0,0,1,0,0,1,0,0,0,0,0,1,0,0,0
올인원 패키지 : 권오상의 금융 아카데미 - M&A 사례로 배우는 재무제표 영향 (수강시간 제한),0,0,1,0,1,0,0,0,0,0,0,1,2,0,0,0,2,0,1,0,1,0,1,2,3,1,1,3,0,3,2
The RED : 견고한 UI 설계를 위한 마크업 가이드 by 정찬명,0,0,1,0,0,0,0,0,0,1,0,0,0,0,0,0,0,0,0,1,0,0,0,0,0,0,0,0,0,0,1
The RED : 현실 데이터를 활용한 추천시스템 구현 A to Z by 번개장터 CTO 이동주,0,0,1,2,0,0,1,3,0,1,1,1,2,0,0,0,1,1,1,0,0,1,1,0,1,1,0,3,1,1,1
올인원 패키지 : 시선을 사로잡는 브랜드 디자인,0,0,1,1,0,0,2,1,0,0,1,0,1,1,0,1,0,0,0,0,0,1,0,0,2,0,3,1,0,0,1
The RED : 고객 경험을 개선하는 A/B테스트 기반 모바일 앱 개발 by 이승민,0,0,1,0,0,1,0,0,0,0,0,0,1,0,1,0,0,0,0,0,0,0,0,0,0,0,0,1,0,0,2
바이블 : 파이썬 기초부터 시작하는 딥러닝 영상인식,0,0,1,5,0,1,3,0,0,0,0,0,1,0,2,0,3,1,0,3,0,0,0,2,0,0,1,0,1,1,0
The RED : 슈퍼앱 운영을 위한 확장성 높은 앱 아키텍처 구축 by 노수진,0,0,1,0,1,0,0,2,0,1,1,0,0,1,0,1,0,0,0,0,0,0,1,0,0,0,0,1,1,1,2
The RED : 비즈니스 성공을 위한 Java/Spring 기반 서비스 개발과 MSA 구축 by 이희창,0,0,1,0,1,0,1,1,0,0,1,2,1,2,0,0,0,0,0,0,0,1,3,1,1,0,0,0,1,2,2
올인원 패키지 : 스케치&피그마를 활용한 모바일 UI 디자인,0,0,0,3,0,0,1,0,1,0,2,0,0,0,1,0,0,0,0,1,1,2,1,0,0,0,1,0,0,0,1
올인원 패키지 : 엑셀언니의 사무실용 엑셀뿌수기,0,0,0,3,0,0,1,0,1,0,0,0,1,1,1,3,1,2,1,2,1,0,0,1,0,2,1,0,3,1,1
The RED : Youtube 알고리즘 개발자 이준석의 추천시스템 마스터 클래스,0,0,0,2,1,0,0,1,1,1,0,0,0,0,0,1,0,0,0,0,0,1,3,1,0,0,0,0,1,0,0
올인원 패키지 : 디자인의 차이를 만드는 서체 활용법 by 산돌 서체 디자이너,0,0,0,2,0,0,1,1,0,1,1,0,0,1,0,0,0,0,0,1,1,0,0,0,1,0,0,0,0,0,0
상가 대통령 김인만의 상가 투자 풀코스 패키지,0,0,0,2,0,0,0,0,0,0,1,0,0,0,0,0,0,0,0,0,0,0,0,0,0,0,0,0,0,1,0
올인원 패키지 : 1억 8천만명을 움직이는 실리콘밸리 슈퍼우먼이 알려주는 대체 불가 관리자로 성장하는 법,0,0,0,2,0,1,0,1,1,0,0,0,0,0,0,1,0,0,0,0,0,0,0,0,0,1,0,1,0,0,2
"브랜딩을 담은 리빙&푸드 스토어, 집에서 시작하기 BY. 전선생",0,0,0,1,1,0,0,1,1,0,2,2,1,2,1,0,2,1,0,1,1,0,0,0,2,0,0,0,0,0,0
The RED : 25개 백엔드 개발 필수 현업 예제를 통해 마스터하는 JAVA STREAM,0,0,0,1,0,0,3,3,0,0,1,1,5,0,1,0,0,0,1,1,2,0,0,1,0,0,0,0,1,0,3
올인원 패키지 : 누적 조회수 12억! 우감독의 재미있는 영상 편집,0,0,0,1,0,1,0,1,0,1,0,1,0,0,0,0,1,1,0,1,1,1,1,0,0,0,0,0,1,2,2
The RED : 데이터 사이언티스트 하용호,0,0,0,1,0,1,1,2,0,0,0,1,0,1,0,0,0,0,0,0,0,1,0,0,0,0,0,0,0,1,0
sudo : Tech Leader's Talk 2022 VOD,0,0,0,1,0,1,0,0,0,0,0,0,0,0,0,0,1,0,0,1,0,0,0,0,0,0,0,0,0,0,0
올인원 패키지 : 직장인을 위한 파이썬 데이터분석,0,0,0,1,0,0,0,0,0,0,0,0,0,0,0,0,0,0,0,0,0,0,0,0,0,0,0,0,0,0,0
The RED : 최고제품책임자(CPO) 윤희경,0,0,0,0,0,1,1,0,1,0,1,0,0,0,0,0,0,0,1,0,0,1,0,0,0,0,0,0,1,0,1
올인원 패키지 : 박담 작가와 함께 남자 캐릭터 드로잉,0,0,0,0,0,1,3,0,0,1,2,1,1,1,0,0,0,0,0,0,0,0,0,0,0,0,0,0,0,0,0
올인원 패키지 : 리더를 위한 HR/인재경영,0,0,0,0,0,1,0,1,0,0,1,1,0,2,0,1,0,0,0,0,0,0,2,0,0,0,0,1,1,2,1
편집하는여자의 영상편집 마스터클래스 - 제 4강 애프터이펙트 베이직,0,0,0,0,0,0,29,15,8,9,9,5,30,4,6,2,1,0,2,2,2,3,1,1,3,1,0,5,3,4,11
Prometheus와 Grafana를 이용한 실시간 모니터링 시각화,0,0,0,0,0,0,3,2,1,0,0,0,1,1,1,0,0,0,0,0,0,1,1,0,1,0,0,1,0,2,3
The RED: ILM 리드 모델러와 만드는 판타지 캐릭터: Dragon and Nun,0,0,0,0,0,0,2,0,2,1,2,0,0,0,0,0,0,0,0,0,0,0,0,0,0,0,0,0,0,0,1
올인원 패키지 : 수학적으로 접근하는 딥러닝,0,0,0,0,0,0,2,1,1,1,0,0,0,0,2,1,0,1,0,0,0,0,1,1,0,0,0,0,1,1,0
The RED : 프론트엔드 개발자 김태곤,0,0,0,0,0,0,2,0,1,2,0,0,2,0,0,1,0,0,0,0,0,0,0,1,0,0,0,0,1,0,1
THE RED : 광고인 박웅현과 크리에이티브,0,0,0,0,0,0,1,0,0,0,0,0,0,1,0,0,0,0,0,0,0,0,0,1,1,0,1,1,0,1,0
올인원 패키지 : 아이패드로 그리는 수채화 소녀 일러스트,0,0,0,0,0,0,1,1,0,2,1,1,0,0,0,1,0,0,0,0,0,1,0,0,0,0,1,2,1,0,1
The RED : 지브리 스튜디오 제작국장에게 듣는 스토리텔링 기획법,0,0,0,0,0,0,1,2,0,1,1,0,1,0,0,1,0,0,0,0,0,0,0,1,0,0,0,3,0,0,1
부동산 디벨로퍼 아카데미 : 부동산 마케팅,0,0,0,0,0,0,1,0,0,1,0,0,1,0,0,0,0,0,0,1,0,0,0,0,0,0,0,0,0,0,1
REC.ON : AI,0,0,0,0,0,0,0,1,0,0,0,0,0,0,0,0,0,0,0,0,0,0,0,0,0,0,0,0,0,0,0
The RED : 탑 아티스트가 선택한 디렉터 : 권오준이 알려주는 영상 연출의 모든 것,0,0,0,0,0,0,0,1,0,0,1,0,0,0,1,0,0,1,0,0,0,1,0,0,1,0,0,0,0,1,1
REC.ON : VC,0,0,0,0,0,0,0,0,1,0,0,0,0,0,1,2,1,0,1,1,2,1,0,0,0,0,0,0,0,0,0
The RED : 우버처럼 하는 머신러닝 의사결정 by 정종빈,0,0,0,0,0,0,0,0,1,0,0,0,4,1,0,0,1,0,0,0,0,0,0,0,0,0,0,0,0,0,1
The RED : 김민태,0,0,0,0,0,0,0,0,1,0,1,0,1,1,0,0,0,0,1,0,1,1,0,0,1,0,0,1,1,0,1
The Red : Google 출신 엔지니어와 고성능 검색엔진 만들기 with Elasticsearch,0,0,0,0,0,0,0,0,0,1,1,0,0,0,0,0,0,2,1,0,2,0,0,0,0,0,0,0,0,0,0
The RED : 현실 세상의 TDD by 이규원,0,0,0,0,0,0,0,0,0,1,0,0,2,0,1,1,2,1,0,0,0,1,0,1,1,0,0,1,1,0,1
The RED : 픽사 라이팅 아티스트에게 배우는 빛과 색의 비주얼 스토리텔링 by 이민형,0,0,0,0,0,0,0,0,0,0,0,0,1,0,0,0,0,0,0,0,0,0,0,0,1,1,1,0,0,0,0
The RED : 카카오페이지 기술전략이사 윤진석,0,0,0,0,0,0,0,0,0,0,0,0,1,1,0,0,0,0,0,0,0,1,1,0,0,0,1,0,0,0,2
"올인원 패키지 : 디자인 기초 체력 다지기, 시각디자인 요소 활용",0,0,0,0,0,0,0,0,0,0,0,0,1,0,2,0,0,0,0,0,0,0,3,0,0,0,2,0,0,0,2
초격차 패키지 : 왕초보를 위한 한 번에 끝내는 iOS 앱 개발 바이블,0,0,0,0,0,0,0,0,0,0,0,0,0,17,14,9,10,4,7,4,2,4,4,5,4,4,5,5,4,9,21
The RED : AI 대학원 서민준에게 배우는 자연어처리 : 대형언어모델&퓨샷러닝,0,0,0,0,0,0,0,0,0,0,0,0,0,4,3,5,1,7,2,1,3,1,2,1,2,2,2,4,2,2,2
초격차 패키지 : 한 번에 끝내는 부동산 디벨로퍼의 모든 것,0,0,0,0,0,0,0,0,0,0,0,0,0,4,5,0,2,2,3,1,1,2,0,1,2,0,1,1,1,3,1
올인원 패키지 : 엑셀 실무 마스터,0,0,0,0,0,0,0,0,0,0,0,0,0,0,0,0,0,1,0,0,0,0,0,0,0,0,0,0,0,0,0
The RED : 개발자로 살아남기 : 30년을 주도하는 9가지 필수 기술 by 박종천,0,0,0,0,0,0,0,0,0,0,0,0,0,0,0,0,0,0,0,1,0,1,0,0,0,0,0,0,0,0,0
올인원 패키지 : FX 아티스트 김재민의 리얼리스틱 후디니 입문,0,0,0,0,0,0,0,0,0,0,0,0,0,0,0,0,0,0,0,1,1,0,0,0,2,0,0,0,0,0,2
실무 초밀착 리눅스: 클라우드 환경 운영부터 성능분석까지,0,0,0,0,0,0,0,0,0,0,0,0,0,0,0,0,0,0,0,0,20,15,5,8,5,7,5,8,3,19,25
올인원 패키지 : star741의 31가지 캐주얼 일러스트 채색&묘사,0,0,0,0,0,0,0,0,0,0,0,0,0,0,0,0,0,0,0,0,9,7,2,4,4,6,1,33,6,5,11
The RED : Figma로 끝내는 모바일 UXUI 디자인 프로젝트 Kit,0,0,0,0,0,0,0,0,0,0,0,0,0,0,0,0,0,0,0,0,0,4,0,3,1,0,3,3,1,2,1
올인원 패키지 : 영상 제작/편집(2022),0,0,0,0,0,0,0,0,0,0,0,0,0,0,0,0,0,0,0,0,0,1,2,0,2,0,1,1,0,0,2
REC.ON : Autonomous Vehicle,0,0,0,0,0,0,0,0,0,0,0,0,0,0,0,0,0,0,0,0,0,0,1,1,0,0,0,0,0,0,0
초격차 패키지: 한 번에 끝내는 비즈니스 영어,0,0,0,0,0,0,0,0,0,0,0,0,0,0,0,0,0,0,0,0,0,0,0,0,0,0,0,17,12,6,17
초격차 패키지 : 데이터 엔지니어링,0,0,0,0,0,0,0,0,0,0,0,0,0,0,0,0,0,0,0,0,0,0,0,0,0,0,0,12,7,8,4
초격차 패키지 : 한 번에 끝내는 부동산 금융(PF) 실무,0,0,0,0,0,0,0,0,0,0,0,0,0,0,0,0,0,0,0,0,0,0,0,0,0,0,0,5,3,8,17
올인원 패키지 : 머신러닝 최적화를 위한 Genetic Algorithm,0,0,0,0,0,0,0,0,0,0,0,0,0,0,0,0,0,0,0,0,0,0,0,0,0,0,0,1,1,2,0
초격차 패키지 : 한 번에 끝내는 컴퓨터비전,0,0,0,0,0,0,0,0,0,0,0,0,0,0,0,0,0,0,0,0,0,0,0,0,0,0,0,1,14,9,17
